<?xml version="1.0" encoding="UTF-8"?>
<export version="D">
  <design>
    <source>/Users/arntzenc/Documents/FarmBot/KiCAD/OffLine/OffLine.sch</source>
    <date>Thursday, April 05, 2018 'AMt' 07:20:51 AM</date>
    <tool>Eeschema 4.0.7</tool>
    <sheet number="1" name="/" tstamps="/">
      <title_block>
        <title/>
        <company/>
        <rev/>
        <date/>
        <source>OffLine.sch</source>
        <comment number="1" value=""/>
        <comment number="2" value=""/>
        <comment number="3" value=""/>
        <comment number="4" value=""/>
      </title_block>
    </sheet>
  </design>
  <components>
    <comp ref="J2">
      <value>Conn_01x13</value>
      <libsource lib="conn" part="Conn_01x13"/>
      <sheetpath names="/" tstamps="/"/>
      <tstamp>5A513021</tstamp>
    </comp>
    <comp ref="C9">
      <value>100n</value>
      <footprint>Capacitors_SMD:C_0603</footprint>
      <libsource lib="device" part="C"/>
      <sheetpath names="/" tstamps="/"/>
      <tstamp>5A70DF25</tstamp>
    </comp>
    <comp ref="J3">
      <value>Conn_01x02</value>
      <libsource lib="conn" part="Conn_01x02"/>
      <sheetpath names="/" tstamps="/"/>
      <tstamp>5A7542D4</tstamp>
    </comp>
    <comp ref="R2">
      <value>4m</value>
      <footprint>Resistors_SMD:R_0603</footprint>
      <fields>
        <field name="Tol">1%</field>
        <field name="Power">2W</field>
      </fields>
      <libsource lib="device" part="R"/>
      <sheetpath names="/" tstamps="/"/>
      <tstamp>5A8B392B</tstamp>
    </comp>
    <comp ref="C10">
      <value>100n</value>
      <footprint>Capacitors_SMD:C_0603</footprint>
      <libsource lib="device" part="C"/>
      <sheetpath names="/" tstamps="/"/>
      <tstamp>5A8BD374</tstamp>
    </comp>
    <comp ref="U1">
      <value>INA230AIRGT</value>
      <libsource lib="ina230airgt" part="INA230AIRGT"/>
      <sheetpath names="/" tstamps="/"/>
      <tstamp>5A8CF96D</tstamp>
    </comp>
    <comp ref="R4">
      <value>10</value>
      <footprint>Resistors_SMD:R_0603</footprint>
      <libsource lib="device" part="R"/>
      <sheetpath names="/" tstamps="/"/>
      <tstamp>5A8D279E</tstamp>
    </comp>
    <comp ref="D1">
      <value>SBR10B45P5-7</value>
      <footprint>Diodes_SMD:D_SMB_Modified</footprint>
      <libsource lib="device" part="D_Schottky_AAK"/>
      <sheetpath names="/" tstamps="/"/>
      <tstamp>5A8D5443</tstamp>
    </comp>
    <comp ref="J1">
      <value>Conn_01x02</value>
      <libsource lib="conn" part="Conn_01x02"/>
      <sheetpath names="/" tstamps="/"/>
      <tstamp>5A8D6028</tstamp>
    </comp>
    <comp ref="J4">
      <value>Conn_01x02</value>
      <libsource lib="conn" part="Conn_01x02"/>
      <sheetpath names="/" tstamps="/"/>
      <tstamp>5A8D64AE</tstamp>
    </comp>
    <comp ref="U4">
      <value>AQH3213A</value>
      <footprint>SMD_Packages:SOIC-8-N</footprint>
      <libsource lib="aqh3213a" part="AQH3213A"/>
      <sheetpath names="/" tstamps="/"/>
      <tstamp>5A8F6824</tstamp>
    </comp>
    <comp ref="U3">
      <value>SN74LV8153</value>
      <libsource lib="sn74lv8153" part="SN74LV8153"/>
      <sheetpath names="/" tstamps="/"/>
      <tstamp>5A91F88C</tstamp>
    </comp>
    <comp ref="D2">
      <value>CREE_RGB_LED</value>
      <libsource lib="cree_rgb_led" part="CREE_RGB_LED"/>
      <sheetpath names="/" tstamps="/"/>
      <tstamp>5A920B76</tstamp>
    </comp>
    <comp ref="C12">
      <value>100n</value>
      <footprint>Capacitors_SMD:C_0603</footprint>
      <libsource lib="device" part="C"/>
      <sheetpath names="/" tstamps="/"/>
      <tstamp>5A923AC7</tstamp>
    </comp>
    <comp ref="C13">
      <value>100n</value>
      <footprint>Capacitors_SMD:C_0603</footprint>
      <libsource lib="device" part="C"/>
      <sheetpath names="/" tstamps="/"/>
      <tstamp>5A924086</tstamp>
    </comp>
    <comp ref="R7">
      <value>10</value>
      <footprint>Resistors_SMD:R_0603</footprint>
      <libsource lib="device" part="R"/>
      <sheetpath names="/" tstamps="/"/>
      <tstamp>5A92D7C9</tstamp>
    </comp>
    <comp ref="R14">
      <value>174</value>
      <footprint>Resistors_SMD:R_0805</footprint>
      <libsource lib="device" part="R"/>
      <sheetpath names="/" tstamps="/"/>
      <tstamp>5A98E699</tstamp>
    </comp>
    <comp ref="U2">
      <value>TCN75A</value>
      <libsource lib="tcn75a" part="TCN75A"/>
      <sheetpath names="/" tstamps="/"/>
      <tstamp>5A9A0BEF</tstamp>
    </comp>
    <comp ref="C11">
      <value>100n</value>
      <footprint>Capacitors_SMD:C_0603</footprint>
      <libsource lib="device" part="C"/>
      <sheetpath names="/" tstamps="/"/>
      <tstamp>5A9A20AE</tstamp>
    </comp>
    <comp ref="R3">
      <value>10</value>
      <footprint>Resistors_SMD:R_0603</footprint>
      <libsource lib="device" part="R"/>
      <sheetpath names="/" tstamps="/"/>
      <tstamp>5A9A422C</tstamp>
    </comp>
    <comp ref="R6">
      <value>0ohm</value>
      <footprint>Resistors_SMD:R_0603</footprint>
      <libsource lib="device" part="R"/>
      <sheetpath names="/" tstamps="/"/>
      <tstamp>5A9A433E</tstamp>
    </comp>
    <comp ref="R8">
      <value>DNP</value>
      <footprint>Resistors_SMD:R_0603</footprint>
      <libsource lib="device" part="R"/>
      <sheetpath names="/" tstamps="/"/>
      <tstamp>5A9A455E</tstamp>
    </comp>
    <comp ref="R10">
      <value>10</value>
      <footprint>Resistors_SMD:R_0603</footprint>
      <libsource lib="device" part="R"/>
      <sheetpath names="/" tstamps="/"/>
      <tstamp>5A9A473A</tstamp>
    </comp>
    <comp ref="R11">
      <value>10</value>
      <footprint>Resistors_SMD:R_0603</footprint>
      <libsource lib="device" part="R"/>
      <sheetpath names="/" tstamps="/"/>
      <tstamp>5A9A486D</tstamp>
    </comp>
    <comp ref="R12">
      <value>0ohm</value>
      <footprint>Resistors_SMD:R_0603</footprint>
      <libsource lib="device" part="R"/>
      <sheetpath names="/" tstamps="/"/>
      <tstamp>5A9A49CA</tstamp>
    </comp>
    <comp ref="R13">
      <value>0ohm</value>
      <footprint>Resistors_SMD:R_0603</footprint>
      <libsource lib="device" part="R"/>
      <sheetpath names="/" tstamps="/"/>
      <tstamp>5A9A4AFE</tstamp>
    </comp>
    <comp ref="R15">
      <value>DNP</value>
      <footprint>Resistors_SMD:R_0603</footprint>
      <libsource lib="device" part="R"/>
      <sheetpath names="/" tstamps="/"/>
      <tstamp>5A9A4D12</tstamp>
    </comp>
    <comp ref="R16">
      <value>174</value>
      <footprint>Resistors_SMD:R_0805</footprint>
      <libsource lib="device" part="R"/>
      <sheetpath names="/" tstamps="/"/>
      <tstamp>5A9A4EFC</tstamp>
    </comp>
    <comp ref="R19">
      <value>215</value>
      <footprint>Resistors_SMD:R_0805</footprint>
      <libsource lib="device" part="R"/>
      <sheetpath names="/" tstamps="/"/>
      <tstamp>5A9A4F78</tstamp>
    </comp>
    <comp ref="R17">
      <value>215</value>
      <footprint>Resistors_SMD:R_0805</footprint>
      <libsource lib="device" part="R"/>
      <sheetpath names="/" tstamps="/"/>
      <tstamp>5A9A5134</tstamp>
    </comp>
    <comp ref="R20">
      <value>182</value>
      <footprint>Resistors_SMD:R_0805</footprint>
      <libsource lib="device" part="R"/>
      <sheetpath names="/" tstamps="/"/>
      <tstamp>5A9A5231</tstamp>
    </comp>
    <comp ref="R21">
      <value>182</value>
      <footprint>Resistors_SMD:R_0805</footprint>
      <libsource lib="device" part="R"/>
      <sheetpath names="/" tstamps="/"/>
      <tstamp>5A9A544F</tstamp>
    </comp>
    <comp ref="R9">
      <value>10</value>
      <footprint>Resistors_SMD:R_0603</footprint>
      <libsource lib="device" part="R"/>
      <sheetpath names="/" tstamps="/"/>
      <tstamp>5A9A5831</tstamp>
    </comp>
    <comp ref="R18">
      <value>182</value>
      <footprint>Resistors_SMD:R_0805</footprint>
      <libsource lib="device" part="R"/>
      <sheetpath names="/" tstamps="/"/>
      <tstamp>5AB9DD85</tstamp>
    </comp>
    <comp ref="C2">
      <value>DNP</value>
      <footprint>Capacitors_SMD:C_1206</footprint>
      <libsource lib="device" part="C"/>
      <sheetpath names="/" tstamps="/"/>
      <tstamp>5ABF144D</tstamp>
    </comp>
    <comp ref="C3">
      <value>DNP</value>
      <footprint>Capacitors_SMD:C_1210</footprint>
      <libsource lib="device" part="C"/>
      <sheetpath names="/" tstamps="/"/>
      <tstamp>5ABF1628</tstamp>
    </comp>
    <comp ref="R1">
      <value>DNP</value>
      <footprint>Resistors_SMD:R_0805</footprint>
      <libsource lib="device" part="R"/>
      <sheetpath names="/" tstamps="/"/>
      <tstamp>5ABF178A</tstamp>
    </comp>
    <comp ref="C6">
      <value>DNP</value>
      <footprint>Capacitors_SMD:C_1206</footprint>
      <libsource lib="device" part="C"/>
      <sheetpath names="/" tstamps="/"/>
      <tstamp>5ABF1CE4</tstamp>
    </comp>
    <comp ref="C7">
      <value>DNP</value>
      <footprint>Capacitors_SMD:C_1210</footprint>
      <libsource lib="device" part="C"/>
      <sheetpath names="/" tstamps="/"/>
      <tstamp>5ABF1CEA</tstamp>
    </comp>
    <comp ref="R5">
      <value>DNP</value>
      <footprint>Resistors_SMD:R_0805</footprint>
      <libsource lib="device" part="R"/>
      <sheetpath names="/" tstamps="/"/>
      <tstamp>5ABF1CF0</tstamp>
    </comp>
    <comp ref="C4">
      <value>100n</value>
      <footprint>Capacitors_SMD:C_0603</footprint>
      <libsource lib="device" part="C"/>
      <sheetpath names="/" tstamps="/"/>
      <tstamp>5ABF2616</tstamp>
    </comp>
    <comp ref="C5">
      <value>4.7u</value>
      <footprint>Capacitors_SMD:C_1206</footprint>
      <libsource lib="device" part="C"/>
      <sheetpath names="/" tstamps="/"/>
      <tstamp>5ABF26B1</tstamp>
    </comp>
    <comp ref="C1">
      <value>DNP</value>
      <footprint>Capacitors_SMD:C_0603</footprint>
      <libsource lib="device" part="C"/>
      <sheetpath names="/" tstamps="/"/>
      <tstamp>5ABF1807</tstamp>
    </comp>
    <comp ref="C8">
      <value>DNP</value>
      <footprint>Capacitors_SMD:C_0603</footprint>
      <libsource lib="device" part="C"/>
      <sheetpath names="/" tstamps="/"/>
      <tstamp>5ABF1A2F</tstamp>
    </comp>
  </components>
  <libparts>
    <libpart lib="aqh3213a" part="AQH3213A">
      <description>Form A, Solid State Relay, Zero-Cross AC, 1.2A, SO-8</description>
      <docs>https://www3.panasonic.biz/ac/e_download/control/relay/solid-state/catalog/semi_eng_aqh.pdf</docs>
      <fields>
        <field name="Reference">U</field>
        <field name="Value">AQH3213A</field>
        <field name="Footprint">SMD_Packages:SOIC-8-N</field>
      </fields>
      <pins>
        <pin num="1" name="~" type="passive"/>
        <pin num="2" name="~" type="passive"/>
        <pin num="3" name="~" type="passive"/>
        <pin num="4" name="~" type="passive"/>
        <pin num="5" name="~" type="passive"/>
        <pin num="6" name="~" type="passive"/>
        <pin num="8" name="~" type="passive"/>
      </pins>
    </libpart>
    <libpart lib="device" part="C">
      <description>Unpolarized capacitor</description>
      <footprints>
        <fp>C_*</fp>
      </footprints>
      <fields>
        <field name="Reference">C</field>
        <field name="Value">C</field>
      </fields>
      <pins>
        <pin num="1" name="~" type="passive"/>
        <pin num="2" name="~" type="passive"/>
      </pins>
    </libpart>
    <libpart lib="cree_rgb_led" part="CREE_RGB_LED">
      <description>LED RGB 6 pins</description>
      <fields>
        <field name="Reference">D</field>
        <field name="Value">CREE_RGB_LED</field>
      </fields>
      <pins>
        <pin num="1" name="RK" type="passive"/>
        <pin num="2" name="GK" type="passive"/>
        <pin num="3" name="BK" type="passive"/>
        <pin num="4" name="BA" type="passive"/>
        <pin num="5" name="GA" type="passive"/>
        <pin num="6" name="RA" type="passive"/>
      </pins>
    </libpart>
    <libpart lib="conn" part="Conn_01x02">
      <description>Generic connector, single row, 01x02</description>
      <docs>~</docs>
      <footprints>
        <fp>Connector*:*_??x*mm*</fp>
        <fp>Connector*:*1x??x*mm*</fp>
        <fp>Pin?Header?Straight?1X*</fp>
        <fp>Pin?Header?Angled?1X*</fp>
        <fp>Socket?Strip?Straight?1X*</fp>
        <fp>Socket?Strip?Angled?1X*</fp>
      </footprints>
      <fields>
        <field name="Reference">J</field>
        <field name="Value">Conn_01x02</field>
      </fields>
      <pins>
        <pin num="1" name="Pin_1" type="passive"/>
        <pin num="2" name="Pin_2" type="passive"/>
      </pins>
    </libpart>
    <libpart lib="conn" part="Conn_01x13">
      <description>Generic connector, single row, 01x13</description>
      <docs>~</docs>
      <footprints>
        <fp>Connector*:*_??x*mm*</fp>
        <fp>Connector*:*1x??x*mm*</fp>
        <fp>Pin?Header?Straight?1X*</fp>
        <fp>Pin?Header?Angled?1X*</fp>
        <fp>Socket?Strip?Straight?1X*</fp>
        <fp>Socket?Strip?Angled?1X*</fp>
      </footprints>
      <fields>
        <field name="Reference">J</field>
        <field name="Value">Conn_01x13</field>
      </fields>
      <pins>
        <pin num="1" name="Pin_1" type="passive"/>
        <pin num="2" name="Pin_2" type="passive"/>
        <pin num="3" name="Pin_3" type="passive"/>
        <pin num="4" name="Pin_4" type="passive"/>
        <pin num="5" name="Pin_5" type="passive"/>
        <pin num="6" name="Pin_6" type="passive"/>
        <pin num="7" name="Pin_7" type="passive"/>
        <pin num="8" name="Pin_8" type="passive"/>
        <pin num="9" name="Pin_9" type="passive"/>
        <pin num="10" name="Pin_10" type="passive"/>
        <pin num="11" name="Pin_11" type="passive"/>
        <pin num="12" name="Pin_12" type="passive"/>
        <pin num="13" name="Pin_13" type="passive"/>
      </pins>
    </libpart>
    <libpart lib="device" part="D_Schottky_AAK">
      <description>Schottky diode, two anode pins</description>
      <footprints>
        <fp>TO-???*</fp>
        <fp>*SingleDiode</fp>
        <fp>*_Diode_*</fp>
        <fp>*SingleDiode*</fp>
        <fp>D_*</fp>
      </footprints>
      <fields>
        <field name="Reference">D</field>
        <field name="Value">D_Schottky_AAK</field>
      </fields>
      <pins>
        <pin num="1" name="A" type="input"/>
        <pin num="2" name="A" type="passive"/>
        <pin num="3" name="K" type="passive"/>
      </pins>
    </libpart>
    <libpart lib="ina230airgt" part="INA230AIRGT">
      <description>INA230</description>
      <fields>
        <field name="Reference">U</field>
        <field name="Value">INA230AIRGT</field>
      </fields>
      <pins>
        <pin num="1" name="A1" type="3state"/>
        <pin num="2" name="A0" type="3state"/>
        <pin num="3" name="ALERT" type="openCol"/>
        <pin num="4" name="SDA" type="openCol"/>
        <pin num="5" name="SCL" type="input"/>
        <pin num="6" name="NC" type="NotConnected"/>
        <pin num="7" name="NC" type="NotConnected"/>
        <pin num="8" name="NC" type="NotConnected"/>
        <pin num="9" name="VS+" type="power_in"/>
        <pin num="10" name="GND" type="power_out"/>
        <pin num="11" name="BUS" type="input"/>
        <pin num="12" name="IN-" type="input"/>
        <pin num="13" name="IN+" type="input"/>
        <pin num="14" name="NC" type="NotConnected"/>
        <pin num="15" name="NC" type="NotConnected"/>
        <pin num="16" name="NC" type="NotConnected"/>
        <pin num="17" name="GND" type="power_out"/>
      </pins>
    </libpart>
    <libpart lib="device" part="R">
      <description>Resistor</description>
      <footprints>
        <fp>R_*</fp>
        <fp>R_*</fp>
      </footprints>
      <fields>
        <field name="Reference">R</field>
        <field name="Value">R</field>
      </fields>
      <pins>
        <pin num="1" name="~" type="passive"/>
        <pin num="2" name="~" type="passive"/>
      </pins>
    </libpart>
    <libpart lib="sn74lv8153" part="SN74LV8153">
      <description>SERIAL TO PARALLEL INTERFACE</description>
      <fields>
        <field name="Reference">U</field>
        <field name="Value">SN74LV8153</field>
      </fields>
      <pins>
        <pin num="1" name="VCC1" type="power_in"/>
        <pin num="2" name="A0" type="input"/>
        <pin num="3" name="A1" type="input"/>
        <pin num="4" name="A2" type="input"/>
        <pin num="5" name="D" type="input"/>
        <pin num="6" name="OUTSEL" type="input"/>
        <pin num="7" name="/RESET" type="input"/>
        <pin num="8" name="/OE" type="input"/>
        <pin num="9" name="SOUT" type="output"/>
        <pin num="10" name="GND" type="power_out"/>
        <pin num="11" name="GND" type="power_out"/>
        <pin num="12" name="Y7" type="output"/>
        <pin num="13" name="Y6" type="output"/>
        <pin num="14" name="Y5" type="output"/>
        <pin num="15" name="Y4" type="output"/>
        <pin num="16" name="Y3" type="output"/>
        <pin num="17" name="Y2" type="output"/>
        <pin num="18" name="Y1" type="output"/>
        <pin num="19" name="Y0" type="output"/>
        <pin num="20" name="VCC2" type="power_in"/>
      </pins>
    </libpart>
    <libpart lib="tcn75a" part="TCN75A">
      <description>TCN75A</description>
      <fields>
        <field name="Reference">U</field>
        <field name="Value">TCN75A</field>
      </fields>
      <pins>
        <pin num="1" name="SDA" type="BiDi"/>
        <pin num="2" name="SCL" type="input"/>
        <pin num="3" name="ALERT" type="output"/>
        <pin num="4" name="GND" type="power_out"/>
        <pin num="5" name="A2" type="passive"/>
        <pin num="6" name="A1" type="passive"/>
        <pin num="7" name="A0" type="passive"/>
        <pin num="8" name="VDD" type="power_in"/>
      </pins>
    </libpart>
  </libparts>
  <libraries>
    <library logical="device">
      <uri>/Library/Application Support/kicad/library/device.lib</uri>
    </library>
    <library logical="conn">
      <uri>/Library/Application Support/kicad/library/conn.lib</uri>
    </library>
    <library logical="ina230airgt">
      <uri>/Users/arntzenc/Documents/FarmBot/KiCAD Libraries/ina230airgt.lib</uri>
    </library>
    <library logical="sn74lv8153">
      <uri>/Users/arntzenc/Documents/FarmBot/KiCAD Libraries/sn74lv8153.lib</uri>
    </library>
    <library logical="aqh3213a">
      <uri>/Users/arntzenc/Documents/FarmBot/KiCAD Libraries/aqh3213a.lib</uri>
    </library>
    <library logical="cree_rgb_led">
      <uri>/Users/arntzenc/Documents/FarmBot/KiCAD Libraries/cree_rgb_led.lib</uri>
    </library>
    <library logical="tcn75a">
      <uri>/Users/arntzenc/Documents/FarmBot/KiCAD Libraries/tcn75a.lib</uri>
    </library>
  </libraries>
  <nets>
    <net code="1" name="Net-(U3-Pad13)">
      <node ref="U3" pin="13"/>
      <node ref="U4" pin="3"/>
    </net>
    <net code="2" name="Net-(R18-Pad1)">
      <node ref="R18" pin="1"/>
      <node ref="U4" pin="2"/>
    </net>
    <net code="3" name="Net-(R13-Pad2)">
      <node ref="R13" pin="2"/>
      <node ref="U3" pin="7"/>
    </net>
    <net code="4" name="Net-(J2-Pad8)">
      <node ref="U3" pin="5"/>
      <node ref="J2" pin="8"/>
    </net>
    <net code="5" name="Net-(R17-Pad2)">
      <node ref="U3" pin="17"/>
      <node ref="R17" pin="2"/>
    </net>
    <net code="6" name="Net-(R16-Pad2)">
      <node ref="R16" pin="2"/>
      <node ref="U3" pin="18"/>
    </net>
    <net code="7" name="Net-(D2-Pad1)">
      <node ref="D2" pin="1"/>
      <node ref="R14" pin="1"/>
      <node ref="R16" pin="1"/>
    </net>
    <net code="8" name="Net-(R14-Pad2)">
      <node ref="R14" pin="2"/>
      <node ref="U3" pin="19"/>
    </net>
    <net code="9" name="GNDD">
      <node ref="J2" pin="3"/>
      <node ref="U3" pin="10"/>
      <node ref="C10" pin="1"/>
      <node ref="U3" pin="11"/>
      <node ref="C13" pin="1"/>
      <node ref="C12" pin="2"/>
      <node ref="U3" pin="6"/>
      <node ref="U3" pin="3"/>
      <node ref="U3" pin="8"/>
      <node ref="U3" pin="4"/>
      <node ref="U2" pin="7"/>
      <node ref="U2" pin="6"/>
      <node ref="U2" pin="4"/>
      <node ref="C11" pin="2"/>
      <node ref="R15" pin="2"/>
    </net>
    <net code="10" name="Net-(R12-Pad2)">
      <node ref="U3" pin="2"/>
      <node ref="R15" pin="1"/>
      <node ref="R12" pin="2"/>
    </net>
    <net code="11" name="Net-(D1-Pad1)">
      <node ref="R2" pin="1"/>
      <node ref="D1" pin="2"/>
      <node ref="D1" pin="1"/>
      <node ref="R4" pin="1"/>
    </net>
    <net code="12" name="Net-(C9-Pad2)">
      <node ref="R3" pin="2"/>
      <node ref="C9" pin="2"/>
      <node ref="U1" pin="13"/>
    </net>
    <net code="13" name="Net-(C9-Pad1)">
      <node ref="U1" pin="12"/>
      <node ref="R4" pin="2"/>
      <node ref="C9" pin="1"/>
    </net>
    <net code="14" name="Net-(C12-Pad1)">
      <node ref="R12" pin="1"/>
      <node ref="R10" pin="2"/>
      <node ref="R13" pin="1"/>
      <node ref="C12" pin="1"/>
      <node ref="U3" pin="1"/>
    </net>
    <net code="15" name="Net-(C13-Pad2)">
      <node ref="U3" pin="20"/>
      <node ref="R11" pin="1"/>
      <node ref="C13" pin="2"/>
    </net>
    <net code="16" name="+5V">
      <node ref="J2" pin="4"/>
      <node ref="D2" pin="4"/>
      <node ref="D2" pin="5"/>
      <node ref="D2" pin="6"/>
      <node ref="R7" pin="2"/>
      <node ref="R11" pin="2"/>
      <node ref="R10" pin="1"/>
      <node ref="R9" pin="1"/>
      <node ref="R18" pin="2"/>
    </net>
    <net code="17" name="Net-(J3-Pad1)">
      <node ref="J3" pin="1"/>
      <node ref="J4" pin="1"/>
    </net>
    <net code="18" name="Net-(J4-Pad2)">
      <node ref="J4" pin="2"/>
      <node ref="U4" pin="6"/>
    </net>
    <net code="19" name="Net-(J3-Pad2)">
      <node ref="J3" pin="2"/>
      <node ref="U4" pin="8"/>
    </net>
    <net code="20" name="GNDPWR">
      <node ref="R1" pin="1"/>
      <node ref="C2" pin="1"/>
      <node ref="C6" pin="1"/>
      <node ref="C1" pin="1"/>
      <node ref="C8" pin="1"/>
      <node ref="R5" pin="1"/>
    </net>
    <net code="21" name="Net-(C3-Pad1)">
      <node ref="R1" pin="2"/>
      <node ref="C3" pin="1"/>
    </net>
    <net code="22" name="VSYS">
      <node ref="J2" pin="13"/>
    </net>
    <net code="23" name="GND">
      <node ref="C6" pin="2"/>
      <node ref="C7" pin="2"/>
      <node ref="C4" pin="2"/>
      <node ref="C5" pin="2"/>
      <node ref="J2" pin="2"/>
      <node ref="J1" pin="1"/>
      <node ref="U1" pin="10"/>
      <node ref="U1" pin="17"/>
      <node ref="C8" pin="2"/>
    </net>
    <net code="24" name="Net-(C1-Pad2)">
      <node ref="R3" pin="1"/>
      <node ref="U1" pin="11"/>
      <node ref="R2" pin="2"/>
      <node ref="C2" pin="2"/>
      <node ref="C5" pin="1"/>
      <node ref="C1" pin="2"/>
      <node ref="C4" pin="1"/>
      <node ref="C3" pin="2"/>
      <node ref="J1" pin="2"/>
    </net>
    <net code="25" name="Net-(C7-Pad1)">
      <node ref="C7" pin="1"/>
      <node ref="R5" pin="2"/>
    </net>
    <net code="26" name="Net-(D2-Pad3)">
      <node ref="D2" pin="3"/>
      <node ref="R20" pin="1"/>
      <node ref="R21" pin="1"/>
    </net>
    <net code="27" name="Net-(R21-Pad2)">
      <node ref="U3" pin="14"/>
      <node ref="R21" pin="2"/>
    </net>
    <net code="28" name="Net-(R20-Pad2)">
      <node ref="R20" pin="2"/>
      <node ref="U3" pin="15"/>
    </net>
    <net code="29" name="Net-(D2-Pad2)">
      <node ref="D2" pin="2"/>
      <node ref="R17" pin="1"/>
      <node ref="R19" pin="1"/>
    </net>
    <net code="30" name="Net-(R19-Pad2)">
      <node ref="R19" pin="2"/>
      <node ref="U3" pin="16"/>
    </net>
    <net code="31" name="Net-(C11-Pad1)">
      <node ref="U2" pin="5"/>
      <node ref="R9" pin="2"/>
      <node ref="U2" pin="8"/>
      <node ref="C11" pin="1"/>
    </net>
    <net code="32" name="Net-(J2-Pad7)">
      <node ref="U2" pin="3"/>
      <node ref="J2" pin="7"/>
      <node ref="U1" pin="3"/>
    </net>
    <net code="33" name="Net-(U3-Pad12)">
      <node ref="U3" pin="12"/>
    </net>
    <net code="34" name="Net-(U3-Pad9)">
      <node ref="U3" pin="9"/>
    </net>
    <net code="35" name="Net-(U4-Pad5)">
      <node ref="U4" pin="5"/>
    </net>
    <net code="36" name="Net-(U4-Pad4)">
      <node ref="U4" pin="4"/>
    </net>
    <net code="37" name="Net-(U4-Pad1)">
      <node ref="U4" pin="1"/>
    </net>
    <net code="38" name="Net-(J2-Pad12)">
      <node ref="J2" pin="12"/>
    </net>
    <net code="39" name="Net-(J2-Pad11)">
      <node ref="J2" pin="11"/>
    </net>
    <net code="40" name="Net-(J2-Pad10)">
      <node ref="J2" pin="10"/>
    </net>
    <net code="41" name="Net-(J2-Pad9)">
      <node ref="J2" pin="9"/>
    </net>
    <net code="42" name="VIN">
      <node ref="D1" pin="3"/>
      <node ref="J2" pin="1"/>
    </net>
    <net code="43" name="Net-(U1-Pad16)">
      <node ref="U1" pin="16"/>
    </net>
    <net code="44" name="Net-(U1-Pad15)">
      <node ref="U1" pin="15"/>
    </net>
    <net code="45" name="Net-(U1-Pad14)">
      <node ref="U1" pin="14"/>
    </net>
    <net code="46" name="Net-(U1-Pad8)">
      <node ref="U1" pin="8"/>
    </net>
    <net code="47" name="Net-(U1-Pad7)">
      <node ref="U1" pin="7"/>
    </net>
    <net code="48" name="Net-(U1-Pad6)">
      <node ref="U1" pin="6"/>
    </net>
    <net code="49" name="Net-(J2-Pad5)">
      <node ref="U2" pin="2"/>
      <node ref="J2" pin="5"/>
      <node ref="U1" pin="5"/>
    </net>
    <net code="50" name="Net-(J2-Pad6)">
      <node ref="R8" pin="2"/>
      <node ref="U2" pin="1"/>
      <node ref="J2" pin="6"/>
      <node ref="U1" pin="4"/>
    </net>
    <net code="51" name="Net-(R6-Pad2)">
      <node ref="R6" pin="2"/>
      <node ref="R8" pin="1"/>
      <node ref="U1" pin="2"/>
    </net>
    <net code="52" name="Net-(C10-Pad2)">
      <node ref="R7" pin="1"/>
      <node ref="R6" pin="1"/>
      <node ref="U1" pin="9"/>
      <node ref="U1" pin="1"/>
      <node ref="C10" pin="2"/>
    </net>
  </nets>
</export>
